,,,,
,,,,
"instance","PERT LB","RCPSP LB",,
,,,,
"KSD/j120_1_1.rcp",99,104,,0.05050505
"KSD/j120_1_2.rcp",86,109,,0.26744186
"KSD/j120_1_3.rcp",82,125,,0.52439024
"KSD/j120_1_4.rcp",79,97,,0.2278481
"KSD/j120_1_5.rcp",94,112,,0.19148936
"KSD/j120_1_6.rcp",65,84,,0.29230769
"KSD/j120_1_7.rcp",98,117,,0.19387755
"KSD/j120_1_8.rcp",85,109,,0.28235294
"KSD/j120_1_9.rcp",89,112,,0.25842697
"KSD/j120_1_10.rcp",89,108,,0.21348315
"KSD/j120_2_1.rcp",70,87,,0.24285714
"KSD/j120_2_2.rcp",73,75,,0.02739726
"KSD/j120_2_3.rcp",78,92,,0.17948718
"KSD/j120_2_4.rcp",88,95,,0.07954545
"KSD/j120_2_5.rcp",91,103,,0.13186813
"KSD/j120_2_6.rcp",75,92,,0.22666667
"KSD/j120_2_7.rcp",84,90,,0.07142857
"KSD/j120_2_8.rcp",77,83,,0.07792208
"KSD/j120_2_9.rcp",92,94,,0.02173913
"KSD/j120_2_10.rcp",79,96,,0.21518987
"KSD/j120_3_1.rcp",79,80,,0.01265823
"KSD/j120_3_2.rcp",88,88,,0
"KSD/j120_3_3.rcp",100,100,,0
"KSD/j120_3_4.rcp",71,71,,0
"KSD/j120_3_5.rcp",81,84,,0.03703704
"KSD/j120_3_6.rcp",102,102,,0
"KSD/j120_3_7.rcp",93,93,,0
"KSD/j120_3_8.rcp",77,77,,0
"KSD/j120_3_9.rcp",86,86,,0
"KSD/j120_3_10.rcp",103,103,,0
"KSD/j120_4_1.rcp",70,74,,0.05714286
"KSD/j120_4_2.rcp",107,107,,0
"KSD/j120_4_3.rcp",91,95,,0.04395604
"KSD/j120_4_4.rcp",75,75,,0
"KSD/j120_4_5.rcp",74,74,,0
"KSD/j120_4_6.rcp",85,90,,0.05882353
"KSD/j120_4_7.rcp",81,81,,0
"KSD/j120_4_8.rcp",90,90,,0
"KSD/j120_4_9.rcp",79,79,,0
"KSD/j120_4_10.rcp",77,77,,0
"KSD/j120_5_1.rcp",92,92,,0
"KSD/j120_5_2.rcp",80,80,,0
"KSD/j120_5_3.rcp",72,72,,0
"KSD/j120_5_4.rcp",97,97,,0
"KSD/j120_5_5.rcp",77,77,,0
"KSD/j120_5_6.rcp",88,88,,0
"KSD/j120_5_7.rcp",84,84,,0
"KSD/j120_5_8.rcp",78,78,,0
"KSD/j120_5_9.rcp",106,106,,0
"KSD/j120_5_10.rcp",92,92,,0
"KSD/j120_6_1.rcp",75,132,,0.76
"KSD/j120_6_2.rcp",72,125,,0.73611111
"KSD/j120_6_3.rcp",85,135,,0.58823529
"KSD/j120_6_4.rcp",98,151,,0.54081633
"KSD/j120_6_5.rcp",72,115,,0.59722222
"KSD/j120_6_6.rcp",71,140,,0.97183099
"KSD/j120_6_7.rcp",112,154,,0.375
"KSD/j120_6_8.rcp",103,140,,0.3592233
"KSD/j120_6_9.rcp",87,145,,0.66666667
"KSD/j120_6_10.rcp",93,156,,0.67741935
"KSD/j120_7_1.rcp",76,97,,0.27631579
"KSD/j120_7_2.rcp",98,113,,0.15306122
"KSD/j120_7_3.rcp",90,97,,0.07777778
"KSD/j120_7_4.rcp",85,103,,0.21176471
"KSD/j120_7_5.rcp",87,123,,0.4137931
"KSD/j120_7_6.rcp",96,115,,0.19791667
"KSD/j120_7_7.rcp",93,112,,0.20430108
"KSD/j120_7_8.rcp",65,91,,0.4
"KSD/j120_7_9.rcp",79,84,,0.06329114
"KSD/j120_7_10.rcp",84,110,,0.30952381
"KSD/j120_8_1.rcp",95,95,,0
"KSD/j120_8_2.rcp",90,101,,0.12222222
"KSD/j120_8_3.rcp",88,95,,0.07954545
"KSD/j120_8_4.rcp",89,91,,0.02247191
"KSD/j120_8_5.rcp",91,99,,0.08791209
"KSD/j120_8_6.rcp",82,84,,0.02439024
"KSD/j120_8_7.rcp",87,87,,0
"KSD/j120_8_8.rcp",87,87,,0
"KSD/j120_8_9.rcp",83,87,,0.04819277
"KSD/j120_8_10.rcp",83,91,,0.09638554
"KSD/j120_9_1.rcp",88,88,,0
"KSD/j120_9_2.rcp",94,94,,0
"KSD/j120_9_3.rcp",87,87,,0
"KSD/j120_9_4.rcp",80,84,,0.05
"KSD/j120_9_5.rcp",114,114,,0
"KSD/j120_9_6.rcp",98,98,,0
"KSD/j120_9_7.rcp",80,80,,0
"KSD/j120_9_8.rcp",80,80,,0
"KSD/j120_9_9.rcp",87,87,,0
"KSD/j120_9_10.rcp",84,84,,0
"KSD/j120_10_1.rcp",111,111,,0
"KSD/j120_10_2.rcp",91,91,,0
"KSD/j120_10_3.rcp",99,99,,0
"KSD/j120_10_4.rcp",95,95,,0
"KSD/j120_10_5.rcp",97,97,,0
"KSD/j120_10_6.rcp",92,92,,0
"KSD/j120_10_7.rcp",79,79,,0
"KSD/j120_10_8.rcp",114,114,,0
"KSD/j120_10_9.rcp",77,77,,0
"KSD/j120_10_10.rcp",66,66,,0
"KSD/j120_11_1.rcp",90,155,,0.72222222
"KSD/j120_11_2.rcp",78,145,,0.85897436
"KSD/j120_11_3.rcp",93,186,,1
"KSD/j120_11_4.rcp",96,177,,0.84375
"KSD/j120_11_5.rcp",97,191,,0.96907216
"KSD/j120_11_6.rcp",91,189,,1.07692308
"KSD/j120_11_7.rcp",82,148,,0.80487805
"KSD/j120_11_8.rcp",95,151,,0.58947368
"KSD/j120_11_9.rcp",76,167,,1.19736842
"KSD/j120_11_10.rcp",90,163,,0.81111111
"KSD/j120_12_1.rcp",94,125,,0.32978723
"KSD/j120_12_2.rcp",72,110,,0.52777778
"KSD/j120_12_3.rcp",84,130,,0.54761905
"KSD/j120_12_4.rcp",94,121,,0.28723404
"KSD/j120_12_5.rcp",98,153,,0.56122449
"KSD/j120_12_6.rcp",82,115,,0.40243902
"KSD/j120_12_7.rcp",83,115,,0.38554217
"KSD/j120_12_8.rcp",72,110,,0.52777778
"KSD/j120_12_9.rcp",77,100,,0.2987013
"KSD/j120_12_10.rcp",84,142,,0.69047619
"KSD/j120_13_1.rcp",121,121,,0
"KSD/j120_13_2.rcp",72,88,,0.22222222
"KSD/j120_13_3.rcp",106,114,,0.0754717
"KSD/j120_13_4.rcp",88,107,,0.21590909
"KSD/j120_13_5.rcp",79,89,,0.12658228
"KSD/j120_13_6.rcp",86,95,,0.10465116
"KSD/j120_13_7.rcp",105,107,,0.01904762
"KSD/j120_13_8.rcp",87,90,,0.03448276
"KSD/j120_13_9.rcp",77,82,,0.06493506
"KSD/j120_13_10.rcp",78,85,,0.08974359
"KSD/j120_14_1.rcp",81,84,,0.03703704
"KSD/j120_14_2.rcp",86,89,,0.03488372
"KSD/j120_14_3.rcp",88,88,,0
"KSD/j120_14_4.rcp",85,85,,0
"KSD/j120_14_5.rcp",90,93,,0.03333333
"KSD/j120_14_6.rcp",91,91,,0
"KSD/j120_14_7.rcp",89,89,,0
"KSD/j120_14_8.rcp",101,108,,0.06930693
"KSD/j120_14_9.rcp",101,101,,0
"KSD/j120_14_10.rcp",80,80,,0
"KSD/j120_15_1.rcp",81,81,,0
"KSD/j120_15_2.rcp",75,75,,0
"KSD/j120_15_3.rcp",87,87,,0
"KSD/j120_15_4.rcp",82,82,,0
"KSD/j120_15_5.rcp",87,87,,0
"KSD/j120_15_6.rcp",97,97,,0
"KSD/j120_15_7.rcp",75,75,,0
"KSD/j120_15_8.rcp",126,126,,0
"KSD/j120_15_9.rcp",109,109,,0
"KSD/j120_15_10.rcp",91,91,,0
"KSD/j120_16_1.rcp",71,179,,1.52112676
"KSD/j120_16_2.rcp",85,218,,1.56470588
"KSD/j120_16_3.rcp",97,219,,1.25773196
"KSD/j120_16_4.rcp",80,189,,1.3625
"KSD/j120_16_5.rcp",92,184,,1
"KSD/j120_16_6.rcp",79,194,,1.4556962
"KSD/j120_16_7.rcp",90,174,,0.93333333
"KSD/j120_16_8.rcp",77,182,,1.36363636
"KSD/j120_16_9.rcp",88,188,,1.13636364
"KSD/j120_16_10.rcp",98,202,,1.06122449
"KSD/j120_17_1.rcp",87,135,,0.55172414
"KSD/j120_17_2.rcp",74,120,,0.62162162
"KSD/j120_17_3.rcp",72,106,,0.47222222
"KSD/j120_17_4.rcp",91,117,,0.28571429
"KSD/j120_17_5.rcp",90,122,,0.35555556
"KSD/j120_17_6.rcp",68,133,,0.95588235
"KSD/j120_17_7.rcp",98,141,,0.43877551
"KSD/j120_17_8.rcp",73,126,,0.7260274
"KSD/j120_17_9.rcp",81,128,,0.58024691
"KSD/j120_17_10.rcp",88,131,,0.48863636
"KSD/j120_18_1.rcp",101,137,,0.35643564
"KSD/j120_18_2.rcp",111,111,,0
"KSD/j120_18_3.rcp",72,100,,0.38888889
"KSD/j120_18_4.rcp",77,98,,0.27272727
"KSD/j120_18_5.rcp",88,117,,0.32954545
"KSD/j120_18_6.rcp",108,130,,0.2037037
"KSD/j120_18_7.rcp",89,111,,0.24719101
"KSD/j120_18_8.rcp",88,101,,0.14772727
"KSD/j120_18_9.rcp",76,88,,0.15789474
"KSD/j120_18_10.rcp",84,96,,0.14285714
"KSD/j120_19_1.rcp",88,88,,0
"KSD/j120_19_2.rcp",81,81,,0
"KSD/j120_19_3.rcp",72,83,,0.15277778
"KSD/j120_19_4.rcp",92,99,,0.07608696
"KSD/j120_19_5.rcp",85,101,,0.18823529
"KSD/j120_19_6.rcp",80,89,,0.1125
"KSD/j120_19_7.rcp",93,93,,0
"KSD/j120_19_8.rcp",93,93,,0
"KSD/j120_19_9.rcp",75,87,,0.16
"KSD/j120_19_10.rcp",88,88,,0
"KSD/j120_20_1.rcp",89,89,,0
"KSD/j120_20_2.rcp",99,99,,0
"KSD/j120_20_3.rcp",74,75,,0.01351351
"KSD/j120_20_4.rcp",89,89,,0
"KSD/j120_20_5.rcp",69,69,,0
"KSD/j120_20_6.rcp",80,80,,0
"KSD/j120_20_7.rcp",81,81,,0
"KSD/j120_20_8.rcp",107,107,,0
"KSD/j120_20_9.rcp",80,80,,0
"KSD/j120_20_10.rcp",81,81,,0
"KSD/j120_21_1.rcp",98,114,,0.16326531
"KSD/j120_21_2.rcp",87,117,,0.34482759
"KSD/j120_21_3.rcp",111,143,,0.28828829
"KSD/j120_21_4.rcp",111,135,,0.21621622
"KSD/j120_21_5.rcp",95,110,,0.15789474
"KSD/j120_21_6.rcp",97,109,,0.12371134
"KSD/j120_21_7.rcp",79,111,,0.40506329
"KSD/j120_21_8.rcp",121,127,,0.04958678
"KSD/j120_21_9.rcp",86,102,,0.18604651
"KSD/j120_21_10.rcp",87,102,,0.17241379
"KSD/j120_22_1.rcp",83,101,,0.21686747
"KSD/j120_22_2.rcp",104,107,,0.02884615
"KSD/j120_22_3.rcp",83,96,,0.15662651
"KSD/j120_22_4.rcp",79,90,,0.13924051
"KSD/j120_22_5.rcp",93,93,,0
"KSD/j120_22_6.rcp",93,103,,0.10752688
"KSD/j120_22_7.rcp",124,133,,0.07258065
"KSD/j120_22_8.rcp",93,103,,0.10752688
"KSD/j120_22_9.rcp",91,109,,0.1978022
"KSD/j120_22_10.rcp",71,79,,0.11267606
"KSD/j120_23_1.rcp",107,107,,0
"KSD/j120_23_2.rcp",116,116,,0
"KSD/j120_23_3.rcp",99,99,,0
"KSD/j120_23_4.rcp",103,106,,0.02912621
"KSD/j120_23_5.rcp",96,99,,0.03125
"KSD/j120_23_6.rcp",103,106,,0.02912621
"KSD/j120_23_7.rcp",104,104,,0
"KSD/j120_23_8.rcp",100,101,,0.01
"KSD/j120_23_9.rcp",105,107,,0.01904762
"KSD/j120_23_10.rcp",100,100,,0
"KSD/j120_24_1.rcp",92,93,,0.01086957
"KSD/j120_24_2.rcp",91,91,,0
"KSD/j120_24_3.rcp",89,89,,0
"KSD/j120_24_4.rcp",101,101,,0
"KSD/j120_24_5.rcp",86,86,,0
"KSD/j120_24_6.rcp",95,95,,0
"KSD/j120_24_7.rcp",109,112,,0.02752294
"KSD/j120_24_8.rcp",104,104,,0
"KSD/j120_24_9.rcp",76,82,,0.07894737
"KSD/j120_24_10.rcp",91,91,,0
"KSD/j120_25_1.rcp",82,82,,0
"KSD/j120_25_2.rcp",108,108,,0
"KSD/j120_25_3.rcp",100,100,,0
"KSD/j120_25_4.rcp",117,117,,0
"KSD/j120_25_5.rcp",100,100,,0
"KSD/j120_25_6.rcp",91,92,,0.01098901
"KSD/j120_25_7.rcp",91,92,,0.01098901
"KSD/j120_25_8.rcp",76,80,,0.05263158
"KSD/j120_25_9.rcp",94,94,,0
"KSD/j120_25_10.rcp",92,92,,0
"KSD/j120_26_1.rcp",96,154,,0.60416667
"KSD/j120_26_2.rcp",97,158,,0.62886598
"KSD/j120_26_3.rcp",93,153,,0.64516129
"KSD/j120_26_4.rcp",108,160,,0.48148148
"KSD/j120_26_5.rcp",81,138,,0.7037037
"KSD/j120_26_6.rcp",122,167,,0.36885246
"KSD/j120_26_7.rcp",83,144,,0.73493976
"KSD/j120_26_8.rcp",105,167,,0.59047619
"KSD/j120_26_9.rcp",124,160,,0.29032258
"KSD/j120_26_10.rcp",122,177,,0.45081967
"KSD/j120_27_1.rcp",77,105,,0.36363636
"KSD/j120_27_2.rcp",87,109,,0.25287356
"KSD/j120_27_3.rcp",98,139,,0.41836735
"KSD/j120_27_4.rcp",85,103,,0.21176471
"KSD/j120_27_5.rcp",89,105,,0.17977528
"KSD/j120_27_6.rcp",97,130,,0.34020619
"KSD/j120_27_7.rcp",100,118,,0.18
"KSD/j120_27_8.rcp",108,135,,0.25
"KSD/j120_27_9.rcp",95,119,,0.25263158
"KSD/j120_27_10.rcp",105,110,,0.04761905
"KSD/j120_28_1.rcp",98,104,,0.06122449
"KSD/j120_28_2.rcp",110,110,,0
"KSD/j120_28_3.rcp",101,101,,0
"KSD/j120_28_4.rcp",103,112,,0.08737864
"KSD/j120_28_5.rcp",102,102,,0
"KSD/j120_28_6.rcp",103,103,,0
"KSD/j120_28_7.rcp",97,108,,0.11340206
"KSD/j120_28_8.rcp",87,99,,0.13793103
"KSD/j120_28_9.rcp",93,98,,0.05376344
"KSD/j120_28_10.rcp",109,116,,0.06422018
"KSD/j120_29_1.rcp",104,104,,0
"KSD/j120_29_2.rcp",91,91,,0
"KSD/j120_29_3.rcp",80,96,,0.2
"KSD/j120_29_4.rcp",77,80,,0.03896104
"KSD/j120_29_5.rcp",102,102,,0
"KSD/j120_29_6.rcp",88,89,,0.01136364
"KSD/j120_29_7.rcp",97,97,,0
"KSD/j120_29_8.rcp",80,80,,0
"KSD/j120_29_9.rcp",97,97,,0
"KSD/j120_29_10.rcp",96,96,,0
"KSD/j120_30_1.rcp",102,102,,0
"KSD/j120_30_2.rcp",112,112,,0
"KSD/j120_30_3.rcp",108,108,,0
"KSD/j120_30_4.rcp",83,83,,0
"KSD/j120_30_5.rcp",81,83,,0.02469136
"KSD/j120_30_6.rcp",79,79,,0
"KSD/j120_30_7.rcp",93,93,,0
"KSD/j120_30_8.rcp",79,79,,0
"KSD/j120_30_9.rcp",93,93,,0
"KSD/j120_30_10.rcp",86,86,,0
"KSD/j120_31_1.rcp",92,178,,0.93478261
"KSD/j120_31_2.rcp",82,174,,1.12195122
"KSD/j120_31_3.rcp",80,156,,0.95
"KSD/j120_31_4.rcp",112,194,,0.73214286
"KSD/j120_31_5.rcp",97,184,,0.89690722
"KSD/j120_31_6.rcp",101,181,,0.79207921
"KSD/j120_31_7.rcp",110,189,,0.71818182
"KSD/j120_31_8.rcp",92,172,,0.86956522
"KSD/j120_31_9.rcp",99,173,,0.74747475
"KSD/j120_31_10.rcp",90,201,,1.23333333
"KSD/j120_32_1.rcp",99,142,,0.43434343
"KSD/j120_32_2.rcp",100,121,,0.21
"KSD/j120_32_3.rcp",101,133,,0.31683168
"KSD/j120_32_4.rcp",108,125,,0.15740741
"KSD/j120_32_5.rcp",99,131,,0.32323232
"KSD/j120_32_6.rcp",94,120,,0.27659574
"KSD/j120_32_7.rcp",104,117,,0.125
"KSD/j120_32_8.rcp",81,130,,0.60493827
"KSD/j120_32_9.rcp",86,123,,0.43023256
"KSD/j120_32_10.rcp",91,125,,0.37362637
"KSD/j120_33_1.rcp",99,104,,0.05050505
"KSD/j120_33_2.rcp",92,105,,0.14130435
"KSD/j120_33_3.rcp",88,100,,0.13636364
"KSD/j120_33_4.rcp",97,105,,0.08247423
"KSD/j120_33_5.rcp",108,131,,0.21296296
"KSD/j120_33_6.rcp",115,115,,0
"KSD/j120_33_7.rcp",93,120,,0.29032258
"KSD/j120_33_8.rcp",90,106,,0.17777778
"KSD/j120_33_9.rcp",102,108,,0.05882353
"KSD/j120_33_10.rcp",88,101,,0.14772727
"KSD/j120_34_1.rcp",72,75,,0.04166667
"KSD/j120_34_2.rcp",95,102,,0.07368421
"KSD/j120_34_3.rcp",94,98,,0.04255319
"KSD/j120_34_4.rcp",94,95,,0.0106383
"KSD/j120_34_5.rcp",99,100,,0.01010101
"KSD/j120_34_6.rcp",100,100,,0
"KSD/j120_34_7.rcp",105,105,,0
"KSD/j120_34_8.rcp",81,86,,0.0617284
"KSD/j120_34_9.rcp",83,90,,0.08433735
"KSD/j120_34_10.rcp",101,101,,0
"KSD/j120_35_1.rcp",87,87,,0
"KSD/j120_35_2.rcp",111,111,,0
"KSD/j120_35_3.rcp",77,77,,0
"KSD/j120_35_4.rcp",101,101,,0
"KSD/j120_35_5.rcp",92,92,,0
"KSD/j120_35_6.rcp",86,86,,0
"KSD/j120_35_7.rcp",99,99,,0
"KSD/j120_35_8.rcp",101,101,,0
"KSD/j120_35_9.rcp",91,91,,0
"KSD/j120_35_10.rcp",86,86,,0
"KSD/j120_36_1.rcp",98,199,,1.03061224
"KSD/j120_36_2.rcp",89,206,,1.31460674
"KSD/j120_36_3.rcp",91,217,,1.38461538
"KSD/j120_36_4.rcp",96,217,,1.26041667
"KSD/j120_36_5.rcp",95,212,,1.23157895
"KSD/j120_36_6.rcp",101,207,,1.04950495
"KSD/j120_36_7.rcp",103,194,,0.88349515
"KSD/j120_36_8.rcp",83,156,,0.87951807
"KSD/j120_36_9.rcp",104,202,,0.94230769
"KSD/j120_36_10.rcp",91,198,,1.17582418
"KSD/j120_37_1.rcp",96,137,,0.42708333
"KSD/j120_37_2.rcp",86,140,,0.62790698
"KSD/j120_37_3.rcp",101,135,,0.33663366
"KSD/j120_37_4.rcp",95,155,,0.63157895
"KSD/j120_37_5.rcp",114,191,,0.6754386
"KSD/j120_37_6.rcp",105,153,,0.45714286
"KSD/j120_37_7.rcp",82,149,,0.81707317
"KSD/j120_37_8.rcp",116,168,,0.44827586
"KSD/j120_37_9.rcp",82,137,,0.67073171
"KSD/j120_37_10.rcp",80,126,,0.575
"KSD/j120_38_1.rcp",103,104,,0.00970874
"KSD/j120_38_2.rcp",92,118,,0.2826087
"KSD/j120_38_3.rcp",105,153,,0.45714286
"KSD/j120_38_4.rcp",116,137,,0.18103448
"KSD/j120_38_5.rcp",95,110,,0.15789474
"KSD/j120_38_6.rcp",95,118,,0.24210526
"KSD/j120_38_7.rcp",91,102,,0.12087912
"KSD/j120_38_8.rcp",98,120,,0.2244898
"KSD/j120_38_9.rcp",134,134,,0
"KSD/j120_38_10.rcp",96,136,,0.41666667
"KSD/j120_39_1.rcp",95,95,,0
"KSD/j120_39_2.rcp",104,104,,0
"KSD/j120_39_3.rcp",100,109,,0.09
"KSD/j120_39_4.rcp",76,97,,0.27631579
"KSD/j120_39_5.rcp",106,106,,0
"KSD/j120_39_6.rcp",95,95,,0
"KSD/j120_39_7.rcp",94,101,,0.07446809
"KSD/j120_39_8.rcp",93,93,,0
"KSD/j120_39_9.rcp",77,89,,0.15584416
"KSD/j120_39_10.rcp",99,104,,0.05050505
"KSD/j120_40_1.rcp",78,79,,0.01282051
"KSD/j120_40_2.rcp",90,90,,0
"KSD/j120_40_3.rcp",87,87,,0
"KSD/j120_40_4.rcp",112,112,,0
"KSD/j120_40_5.rcp",101,101,,0
"KSD/j120_40_6.rcp",90,90,,0
"KSD/j120_40_7.rcp",91,91,,0
"KSD/j120_40_8.rcp",97,97,,0
"KSD/j120_40_9.rcp",117,117,,0
"KSD/j120_40_10.rcp",96,96,,0
"KSD/j120_41_1.rcp",103,127,,0.23300971
"KSD/j120_41_2.rcp",99,141,,0.42424242
"KSD/j120_41_3.rcp",119,141,,0.18487395
"KSD/j120_41_4.rcp",87,116,,0.33333333
"KSD/j120_41_5.rcp",115,138,,0.2
"KSD/j120_41_6.rcp",91,113,,0.24175824
"KSD/j120_41_7.rcp",91,109,,0.1978022
"KSD/j120_41_8.rcp",110,138,,0.25454545
"KSD/j120_41_9.rcp",95,121,,0.27368421
"KSD/j120_41_10.rcp",121,136,,0.12396694
"KSD/j120_42_1.rcp",91,106,,0.16483516
"KSD/j120_42_2.rcp",126,126,,0
"KSD/j120_42_3.rcp",100,106,,0.06
"KSD/j120_42_4.rcp",102,104,,0.01960784
"KSD/j120_42_5.rcp",108,120,,0.11111111
"KSD/j120_42_6.rcp",88,119,,0.35227273
"KSD/j120_42_7.rcp",118,123,,0.04237288
"KSD/j120_42_8.rcp",101,113,,0.11881188
"KSD/j120_42_9.rcp",96,104,,0.08333333
"KSD/j120_42_10.rcp",102,118,,0.15686275
"KSD/j120_43_1.rcp",100,105,,0.05
"KSD/j120_43_2.rcp",115,120,,0.04347826
"KSD/j120_43_3.rcp",95,95,,0
"KSD/j120_43_4.rcp",100,105,,0.05
"KSD/j120_43_5.rcp",98,105,,0.07142857
"KSD/j120_43_6.rcp",85,98,,0.15294118
"KSD/j120_43_7.rcp",117,122,,0.04273504
"KSD/j120_43_8.rcp",115,115,,0
"KSD/j120_43_9.rcp",101,105,,0.03960396
"KSD/j120_43_10.rcp",111,113,,0.01801802
"KSD/j120_44_1.rcp",100,100,,0
"KSD/j120_44_2.rcp",102,112,,0.09803922
"KSD/j120_44_3.rcp",107,107,,0
"KSD/j120_44_4.rcp",93,95,,0.02150538
"KSD/j120_44_5.rcp",94,98,,0.04255319
"KSD/j120_44_6.rcp",106,106,,0
"KSD/j120_44_7.rcp",98,98,,0
"KSD/j120_44_8.rcp",105,108,,0.02857143
"KSD/j120_44_9.rcp",91,91,,0
"KSD/j120_44_10.rcp",98,98,,0
"KSD/j120_45_1.rcp",108,108,,0
"KSD/j120_45_2.rcp",91,91,,0
"KSD/j120_45_3.rcp",98,98,,0
"KSD/j120_45_4.rcp",103,103,,0
"KSD/j120_45_5.rcp",114,116,,0.01754386
"KSD/j120_45_6.rcp",125,125,,0
"KSD/j120_45_7.rcp",103,103,,0
"KSD/j120_45_8.rcp",103,103,,0
"KSD/j120_45_9.rcp",114,114,,0
"KSD/j120_45_10.rcp",99,99,,0
"KSD/j120_46_1.rcp",119,171,,0.43697479
"KSD/j120_46_2.rcp",117,186,,0.58974359
"KSD/j120_46_3.rcp",104,162,,0.55769231
"KSD/j120_46_4.rcp",90,160,,0.77777778
"KSD/j120_46_5.rcp",97,135,,0.39175258
"KSD/j120_46_6.rcp",97,169,,0.74226804
"KSD/j120_46_7.rcp",106,155,,0.46226415
"KSD/j120_46_8.rcp",96,163,,0.69791667
"KSD/j120_46_9.rcp",95,156,,0.64210526
"KSD/j120_46_10.rcp",105,174,,0.65714286
"KSD/j120_47_1.rcp",107,129,,0.20560748
"KSD/j120_47_2.rcp",107,126,,0.17757009
"KSD/j120_47_3.rcp",99,118,,0.19191919
"KSD/j120_47_4.rcp",106,119,,0.12264151
"KSD/j120_47_5.rcp",106,125,,0.17924528
"KSD/j120_47_6.rcp",100,127,,0.27
"KSD/j120_47_7.rcp",86,111,,0.29069767
"KSD/j120_47_8.rcp",81,121,,0.49382716
"KSD/j120_47_9.rcp",104,140,,0.34615385
"KSD/j120_47_10.rcp",102,126,,0.23529412
"KSD/j120_48_1.rcp",95,100,,0.05263158
"KSD/j120_48_2.rcp",88,110,,0.25
"KSD/j120_48_3.rcp",104,109,,0.04807692
"KSD/j120_48_4.rcp",105,119,,0.13333333
"KSD/j120_48_5.rcp",93,110,,0.1827957
"KSD/j120_48_6.rcp",94,102,,0.08510638
"KSD/j120_48_7.rcp",102,105,,0.02941176
"KSD/j120_48_8.rcp",103,116,,0.12621359
"KSD/j120_48_9.rcp",101,113,,0.11881188
"KSD/j120_48_10.rcp",102,111,,0.08823529
"KSD/j120_49_1.rcp",96,96,,0
"KSD/j120_49_2.rcp",100,108,,0.08
"KSD/j120_49_3.rcp",93,96,,0.03225806
"KSD/j120_49_4.rcp",90,96,,0.06666667
"KSD/j120_49_5.rcp",82,89,,0.08536585
"KSD/j120_49_6.rcp",128,128,,0
"KSD/j120_49_7.rcp",97,99,,0.02061856
"KSD/j120_49_8.rcp",112,113,,0.00892857
"KSD/j120_49_9.rcp",97,97,,0
"KSD/j120_49_10.rcp",87,97,,0.11494253
"KSD/j120_50_1.rcp",116,116,,0
"KSD/j120_50_2.rcp",112,112,,0
"KSD/j120_50_3.rcp",111,111,,0
"KSD/j120_50_4.rcp",94,100,,0.06382979
"KSD/j120_50_5.rcp",100,100,,0
"KSD/j120_50_6.rcp",102,102,,0
"KSD/j120_50_7.rcp",137,137,,0
"KSD/j120_50_8.rcp",112,112,,0
"KSD/j120_50_9.rcp",101,101,,0
"KSD/j120_50_10.rcp",103,103,,0
"KSD/j120_51_1.rcp",100,185,,0.85
"KSD/j120_51_2.rcp",92,199,,1.16304348
"KSD/j120_51_3.rcp",93,190,,1.04301075
"KSD/j120_51_4.rcp",91,196,,1.15384615
"KSD/j120_51_5.rcp",102,205,,1.00980392
"KSD/j120_51_6.rcp",104,192,,0.84615385
"KSD/j120_51_7.rcp",91,184,,1.02197802
"KSD/j120_51_8.rcp",85,185,,1.17647059
"KSD/j120_51_9.rcp",104,189,,0.81730769
"KSD/j120_51_10.rcp",108,200,,0.85185185
"KSD/j120_52_1.rcp",113,160,,0.4159292
"KSD/j120_52_2.rcp",111,166,,0.4954955
"KSD/j120_52_3.rcp",102,124,,0.21568627
"KSD/j120_52_4.rcp",113,155,,0.37168142
"KSD/j120_52_5.rcp",113,156,,0.38053097
"KSD/j120_52_6.rcp",118,179,,0.51694915
"KSD/j120_52_7.rcp",95,140,,0.47368421
"KSD/j120_52_8.rcp",114,146,,0.28070175
"KSD/j120_52_9.rcp",88,139,,0.57954545
"KSD/j120_52_10.rcp",91,130,,0.42857143
"KSD/j120_53_1.rcp",123,136,,0.10569106
"KSD/j120_53_2.rcp",108,108,,0
"KSD/j120_53_3.rcp",103,105,,0.01941748
"KSD/j120_53_4.rcp",117,137,,0.17094017
"KSD/j120_53_5.rcp",96,107,,0.11458333
"KSD/j120_53_6.rcp",79,100,,0.26582278
"KSD/j120_53_7.rcp",116,116,,0
"KSD/j120_53_8.rcp",103,133,,0.29126214
"KSD/j120_53_9.rcp",130,155,,0.19230769
"KSD/j120_53_10.rcp",111,123,,0.10810811
"KSD/j120_54_1.rcp",98,101,,0.03061224
"KSD/j120_54_2.rcp",134,134,,0
"KSD/j120_54_3.rcp",111,111,,0
"KSD/j120_54_4.rcp",119,120,,0.00840336
"KSD/j120_54_5.rcp",92,106,,0.15217391
"KSD/j120_54_6.rcp",100,103,,0.03
"KSD/j120_54_7.rcp",98,108,,0.10204082
"KSD/j120_54_8.rcp",89,98,,0.1011236
"KSD/j120_54_9.rcp",95,103,,0.08421053
"KSD/j120_54_10.rcp",100,107,,0.07
"KSD/j120_55_1.rcp",99,99,,0
"KSD/j120_55_2.rcp",83,83,,0
"KSD/j120_55_3.rcp",126,126,,0
"KSD/j120_55_4.rcp",90,90,,0
"KSD/j120_55_5.rcp",106,106,,0
"KSD/j120_55_6.rcp",98,98,,0
"KSD/j120_55_7.rcp",105,105,,0
"KSD/j120_55_8.rcp",101,101,,0
"KSD/j120_55_9.rcp",94,94,,0
"KSD/j120_55_10.rcp",100,100,,0
"KSD/j120_56_1.rcp",95,218,,1.29473684
"KSD/j120_56_2.rcp",87,187,,1.14942529
"KSD/j120_56_3.rcp",93,220,,1.3655914
"KSD/j120_56_4.rcp",86,205,,1.38372093
"KSD/j120_56_5.rcp",117,261,,1.23076923
"KSD/j120_56_6.rcp",95,199,,1.09473684
"KSD/j120_56_7.rcp",117,260,,1.22222222
"KSD/j120_56_8.rcp",99,265,,1.67676768
"KSD/j120_56_9.rcp",101,264,,1.61386139
"KSD/j120_56_10.rcp",102,237,,1.32352941
"KSD/j120_57_1.rcp",114,172,,0.50877193
"KSD/j120_57_2.rcp",104,150,,0.44230769
"KSD/j120_57_3.rcp",115,173,,0.50434783
"KSD/j120_57_4.rcp",120,185,,0.54166667
"KSD/j120_57_5.rcp",96,167,,0.73958333
"KSD/j120_57_6.rcp",99,175,,0.76767677
"KSD/j120_57_7.rcp",115,154,,0.33913043
"KSD/j120_57_8.rcp",86,154,,0.79069767
"KSD/j120_57_9.rcp",108,155,,0.43518519
"KSD/j120_57_10.rcp",121,155,,0.28099174
"KSD/j120_58_1.rcp",121,133,,0.09917355
"KSD/j120_58_2.rcp",106,121,,0.14150943
"KSD/j120_58_3.rcp",91,116,,0.27472527
"KSD/j120_58_4.rcp",98,137,,0.39795918
"KSD/j120_58_5.rcp",101,115,,0.13861386
"KSD/j120_58_6.rcp",103,134,,0.30097087
"KSD/j120_58_7.rcp",114,141,,0.23684211
"KSD/j120_58_8.rcp",99,125,,0.26262626
"KSD/j120_58_9.rcp",92,125,,0.35869565
"KSD/j120_58_10.rcp",98,124,,0.26530612
"KSD/j120_59_1.rcp",102,112,,0.09803922
"KSD/j120_59_2.rcp",90,103,,0.14444444
"KSD/j120_59_3.rcp",108,108,,0
"KSD/j120_59_4.rcp",107,107,,0
"KSD/j120_59_5.rcp",97,103,,0.06185567
"KSD/j120_59_6.rcp",103,111,,0.0776699
"KSD/j120_59_7.rcp",90,108,,0.2
"KSD/j120_59_8.rcp",98,105,,0.07142857
"KSD/j120_59_9.rcp",112,116,,0.03571429
"KSD/j120_59_10.rcp",106,126,,0.18867925
"KSD/j120_60_1.rcp",101,101,,0
"KSD/j120_60_2.rcp",81,82,,0.01234568
"KSD/j120_60_3.rcp",81,87,,0.07407407
"KSD/j120_60_4.rcp",101,101,,0
"KSD/j120_60_5.rcp",96,103,,0.07291667
"KSD/j120_60_6.rcp",110,110,,0
"KSD/j120_60_7.rcp",84,90,,0.07142857
"KSD/j120_60_8.rcp",101,101,,0
"KSD/j120_60_9.rcp",101,101,,0
"KSD/j120_60_10.rcp",85,87,,0.02352941
,,,,
,,,,0.24515234
